Time,header.seq,header.frame_id,child_frame_id,pose.x,pose.y,pose.z,orientation.x,orientation.y,orientation.z,orientation.w,linear.x,linear.y,linear.z,angular.x,angular.y,angular.z
1617900748.7577393,0,odom,camera_link,0.0,0.0,0.0,0.0,0.0,0.0,1.0,0.0,0.0,0.0
1617900748.7959578,1,odom,camera_link,4.2076326591461174e-08,8.823038315884005e-09,4.498341578971967e-26,-1.735561449802031e-36,1.2113787017543874e-35,4.441586345270108e-05,0.9999999990136156,5.226995180378845e-06,1.2592115121486289e-06,5.510278678299959e-23
1617900748.8128715,2,odom,camera_link,-1.7665507545859224e-07,5.6658158708650125e-08,-1.830163516917761e-25,5.715573120515628e-35,8.999322466135869e-35,0.00010856271972212064,0.999999994107068,-1.4405583934089235e-05,3.391452969802939e-06,-1.9149310960476796e-22
1617900748.8383164,3,odom,camera_link,-1.7614340349743443e-06,1.5957840899852992e-07,-5.917640881405968e-26,1.7738174718226494e-35,3.359961013691398e-34,9.505248278534149e-05,0.9999999954825127,-8.369239862735732e-05,6.411881086613784e-06,-6.629340061959623e-23
1617900748.8660815,4,odom,camera_link,1.0737703338150349e-06,-3.8665170513075624e-07,5.054645429145876e-25,2.6035459594850806e-34,9.955847532552597e-34,0.00010564965257263242,0.9999999944190754,5.0242890601277714e-05,-1.5881661072953434e-05,5.801826753291395e-22
1617900748.9391315,5,odom,camera_link,9.377442243057496e-06,-5.508770420284801e-06,-2.683637058719817e-25,-2.885873959426855e-33,-5.203624173763734e-33,0.00021352983036030594,0.9999999772025056,0.00025425793005313556,-0.00014279348431768502,-3.191644758247428e-22
1617900749.0183718,6,odom,camera_link,6.352729905639819e-05,-4.169643999109997e-06,-1.3853775804806482e-25,-6.9811743010343094e-34,-9.921015950558585e-33,0.0003543758011853849,0.9999999372088938,0.0009502039349907409,-4.68279877231607e-05,-1.6122898641373173e-22
1617900749.1034908,7,odom,camera_link,0.00019317376303523993,8.608020544127586e-06,-5.562774673720933e-26,4.86393361018287e-34,-7.862246417460601e-33,0.0003593492681860039,0.9999999354340496,0.0018626408827927357,0.00013043224339016183,-5.781618634986348e-23
1617900749.1785119,8,odom,camera_link,0.0006533035261445652,-3.538552295856525e-05,1.806644274292563e-24,2.841971602659929e-32,5.994198004975965e-31,0.00042199607778405573,0.9999999109596512,0.004986926140453433,-0.0002615412091420264,2.1358933320860605e-21
1617900749.2498682,9,odom,camera_link,0.0013601415781092125,-8.678674273713291e-05,-8.669600808587487e-25,-2.6814873888892297e-32,-5.169883425619591e-31,0.0004754349459565862,0.9999998869807997,0.008643670803207855,-0.0005481264090975526,-1.027186046747731e-21
1617900749.3119867,10,odom,camera_link,0.002091295579369973,-0.00010594250718766915,-5.015476401326791e-25,-1.8996945684364657e-32,-4.244042873156576e-31,0.000512333146031311,0.9999998687573651,0.011205057070794914,-0.0005185320769780638,-5.317523225544153e-22
1617900749.3743129,11,odom,camera_link,0.002720135441161958,-0.00012316340606215024,4.278166631258544e-25,1.0325511731221118e-32,3.7210159883405123e-31,0.0005995377377335683,0.9999998202772343,0.012284007226975367,-0.0004860249056380555,5.132440683115474e-22
1617900749.4473264,12,odom,camera_link,0.0034169529158731837,-8.634137809481338e-05,-2.6412048135051963e-25,-1.135812368868989e-33,-2.46021369788514e-31,0.0007300334887365424,0.9999997335255172,0.01306860974911468,-6.445073380814971e-05,-3.11934898031499e-22
1617900749.5077717,13,odom,camera_link,0.004377756733387273,-6.564054074730562e-05,-7.402456344320402e-26,1.1178990436832432e-33,-7.128481073147902e-32,0.0007754068098773746,0.9999996993720944,0.014420859706861841,0.00022271263711313194,-9.815775068047583e-23
1617900749.5821176,14,odom,camera_link,0.005517502292570863,-8.792794497551165e-05,-2.4397191025694333e-26,4.670659812362994e-34,-4.694653248896278e-32,0.0008241436395747434,0.999999660393573,0.01655212808457397,0.0001414031562003585,-6.332392112991934e-24
1617900749.645831,15,odom,camera_link,0.006823092366332874,-7.836753298558209e-05,1.191999503613076e-25,-2.4314721127748937e-33,1.5386032332459668e-31,0.0009022008400780817,0.9999995930167392,0.018412610630383304,0.00024157594643639112,1.4688653925066834e-22
1617900749.6997669,16,odom,camera_link,0.008167319597222993,-0.0001365390142614523,1.2608917786676367e-25,5.545479246149784e-35,1.6970598244822933e-31,0.0008893134665474965,0.9999996045607009,0.020021304216405054,-0.00010856087731312799,1.6551332842001465e-22
1617900749.7421196,17,odom,camera_link,0.009610460865050617,-6.322674036706803e-05,8.669611796575051e-26,-2.6829131040426653e-33,1.3639329179224633e-31,0.0010108538156779223,0.9999994890871512,0.023360767059326274,0.00038523057830758305,1.1318389308243665e-22
1617900749.7860267,18,odom,camera_link,0.010094824729840128,-5.2421287280296264e-05,9.799676227979251e-26,-3.5327720374043546e-33,1.8715268081531486e-31,0.0009717208784425759,0.9999995278791558,0.021659300741984706,0.0004553084646406803,8.422007922754732e-23
1617900749.8301442,19,odom,camera_link,0.010874841472059414,-7.914203595199629e-05,-1.4275960678696978e-25,4.418049713300315e-33,-2.4685895572915055e-31,0.0009623294476830687,0.9999995369609098,0.02385574302477323,0.0002710207036450423,-1.6769043474621858e-22
1617900749.8301861,20,odom,camera_link,0.011507918690174616,-0.00022320952901430468,3.556357755061101e-25,1.338756230387266e-32,6.6200126640511755e-31,0.0010070338547707198,0.9999994929412791,0.025670914765335166,-0.0006597161709032159,4.21562081888848e-22
1617900749.830202,21,odom,camera_link,0.011779844574015817,-0.00015054187590218213,-5.261356123859459e-25,-1.2780799526040172e-32,-9.269510189424463e-31,0.0010774173012028097,0.9999994195858111,0.025128254374020775,-0.0002029435595772822,-6.771820088414488e-22
1617900749.8740401,22,odom,camera_link,0.012384619014080911,-6.65362546911494e-05,-1.5729777779596593e-25,5.258990787540985e-33,-2.8998096093133064e-31,0.0011492511787334738,0.999999339610646,0.024625806529839447,0.00032255515405937396,-1.7811672087063024e-22
1617900749.9183383,23,odom,camera_link,0.01362528293749754,-6.619846761276033e-05,3.2546785567413247e-25,-5.406947571990697e-33,5.762180344390795e-31,0.0011830248517556887,0.9999993002258553,0.02659425728912386,0.000301652052335745,4.387279606487087e-22
1617900749.964497,24,odom,camera_link,0.014989411999708466,-7.426900320703777e-05,2.930131137661898e-26,-4.199604962703243e-34,4.7452258174403053e-32,0.0012787349826421598,0.9999991824180878,0.028305054037613703,0.0002184148917258167,4.276488384354904e-23
1617900750.02296,25,odom,camera_link,0.014657934938153512,-0.0009524567840926757,3.2314606208079016e-26,1.4238872541579397e-32,5.488285113799182e-32,0.0012548917310221208,0.9999992126230617,0.01962865245190826,-0.005169968411061052,2.738070518642567e-23
1617900750.0907805,26,odom,camera_link,0.015833813600848887,-0.001300397455535942,1.710038552717872e-26,6.978297610539053e-33,2.064062390369212e-32,0.0012910653126089742,0.999999166574832,0.019083738614960804,-0.006487639722138445,2.5777808622950493e-23
1617900750.1658218,27,odom,camera_link,0.017119906702506744,-0.0017390988040325986,3.8859955637049317e-26,1.5073279815951888e-32,3.9651327081889934e-32,0.0013321958992776391,0.9999991126266493,0.019550202092389612,-0.00743780618108259,5.749125159355397e-23
1617900750.2400486,28,odom,camera_link,0.018664440853296712,-0.0022939131289727043,-2.918810933956149e-26,-3.901914217286364e-33,-9.993623879003377e-33,0.0014145851527540422,0.9999989994739222,0.020123713507229985,-0.007932008230925297,-7.16099500421505e-23
1617900750.3181667,29,odom,camera_link,0.02009727304661057,-0.002788943350332059,-2.516860555187351e-26,-1.368458992138914e-32,-3.6105837912391944e-32,0.0014862961542373764,0.999998895461261,0.020330703185541473,-0.007714695075454168,-3.068131527721997e-23
1617900750.4031518,30,odom,camera_link,0.021820490025527432,-0.0032894780296826793,-9.359080894539518e-26,-4.239208810366144e-32,-1.3087751415825114e-31,0.001580364724504678,0.9999987512228891,0.02166906720667635,-0.007051476281167277,-1.3146303878628198e-22
1617900750.4772549,31,odom,camera_link,0.023743241021834362,-0.0038901074129864908,1.9738740132476996e-25,1.0446241995586505e-31,3.416087875337606e-31,0.0016384770538260412,0.9999986576955712,0.02353718199401982,-0.007235717051907185,2.364998068709395e-22
1617900750.5516412,32,odom,camera_link,0.025651956689073923,-0.004438847441774363,5.0938820954537085e-26,3.0791896826838846e-32,1.0623837717653724e-31,0.0017205596487109194,0.9999985198361522,0.02564174541860581,-0.007407684768485794,5.2003612739993435e-23
1617900750.6307144,33,odom,camera_link,0.027759954983712594,-0.004890832797282699,1.8404806481674742e-25,9.080345115329438e-32,3.754035420974697e-31,0.0017675197768555067,0.9999984379356992,0.02833816915066779,-0.006883166104583981,2.281000912936406e-22
1617900750.7016668,34,odom,camera_link,0.029870111092408703,-0.005386616235231101,1.9083783351754691e-25,8.376205933947837e-32,3.7383738694721847e-31,0.001860414090866563,0.9999982694282078,0.030115242769171675,-0.006783924029069449,2.6938545876954536e-22
1617900750.7678292,35,odom,camera_link,0.03200791105499684,-0.005813342297363988,5.604542454384475e-27,2.5989001374765993e-33,1.2876573979256597e-32,0.0019482233742000549,0.9999981022110414,0.031252729288885936,-0.006340717760610674,6.262296173336965e-24
1617900750.8140857,36,odom,camera_link,0.0340026317875536,-0.006131228956502488,2.0238730657932393e-25,8.076499216083195e-32,4.600354644672235e-31,0.001975558258455485,0.9999980485828797,0.03257966691689404,-0.005740860458818,2.5977680154178643e-22
1617900750.8620267,37,odom,camera_link,0.035477023083740254,-0.006469578145644176,1.0306712224100938e-25,4.663509916443329e-32,2.6034277768559496e-31,0.0020114760059515195,0.9999979769800924,0.033271011228952055,-0.006084339633609848,1.197195584786487e-22
1617900750.9060795,38,odom,camera_link,0.03646602795207514,-0.006642226829391722,1.2274506209462884e-25,5.992593896065605e-32,3.406010410098841e-31,0.002049805386672387,0.9999978991467315,0.03441318624957604,-0.006147171064706192,1.2602455485225647e-22
1617900750.950113,39,odom,camera_link,0.03763948028369572,-0.006892288702531698,-1.4084019124585838e-25,-7.286027208200555e-32,-4.035955049367022e-31,0.0021011803941869195,0.9999977925180391,0.035143292079233925,-0.006424335724055577,-1.416987255960048e-22
1617900750.9501371,40,odom,camera_link,0.038816292060388606,-0.0070128511818391475,2.236471766565862e-26,7.292368434038058e-33,4.524051544849461e-32,0.0021109445915008566,0.9999977719539838,0.03521602034717988,-0.00575594753135785,3.4750900704930966e-23
1617900750.9941392,41,odom,camera_link,0.04011736683267098,-0.007224382250839506,6.534424089632127e-27,2.676220307552711e-33,1.6819423386575455e-32,0.0022040253381588877,0.9999975711332046,0.03696830825057038,-0.005897499342965118,9.699206139923103e-24
1617900751.0027652,42,odom,camera_link,0.041169620163143086,-0.0073819796313698526,-9.809891123217735e-26,-3.550100408426608e-32,-2.3493572625864548e-31,0.002271300114823976,0.9999974205945675,0.036953116161886956,-0.00569638705879061,-1.3822853958280158e-22
1617900751.0460598,43,odom,camera_link,0.04196755584193714,-0.0075315310344331015,3.148157305185785e-26,1.3317123271682461e-32,8.569158976056736e-32,0.002273923020788854,0.9999974146337057,0.03731004779768761,-0.005830526904071617,3.821762363222315e-23
1617900751.0460968,44,odom,camera_link,0.042792060670815535,-0.0076408075443916345,-1.4476765964095459e-25,-5.346683594792378e-32,-3.553084188011163e-31,0.0022828766973213344,0.9999973942335975,0.03832090937085065,-0.00580364143228619,-2.0625196782511486e-22
1617900751.0901723,45,odom,camera_link,0.043378597738264725,-0.007738031040633061,5.084422765267587e-26,1.784491686978363e-32,1.2023924297733197e-31,0.002313082274941605,0.9999973248216164,0.03883625125278868,-0.005883666003624528,7.609861664284293e-23
1617900751.0902088,46,odom,camera_link,0.04381929309704061,-0.007829577589090385,2.536651827885014e-26,1.058334950752579e-32,7.051540330312702e-32,0.00232928407224517,0.9999972872141758,0.03892985574167381,-0.006018175119834007,3.214174190278743e-23
1617900751.090249,47,odom,camera_link,0.044173786293993274,-0.007886527877589396,1.0338873706831287e-25,4.2060507104424455e-32,2.796536218141079e-31,0.002363005025394712,0.9999972080997276,0.03900177357156722,-0.006021260790816969,1.3609131003473246e-22
1617900751.0902574,48,odom,camera_link,0.04450950173205358,-0.007930525829028883,4.5891715518316025e-26,1.9436871485663034e-32,1.2833387878773613e-31,0.00237496829575976,0.9999971797588202,0.038939374094778004,-0.005940528201758375,5.840585235322543e-23
1617900751.1341622,49,odom,camera_link,0.04532748656470558,-0.007998503703096724,2.4756091137981554e-26,9.018796062910553e-33,6.445586399293495e-32,0.002389939691771274,0.9999971440900567,0.0391591670267892,-0.005563180751432551,3.328596829363843e-23
1617900751.134214,50,odom,camera_link,0.04623007061171985,-0.008188315322867092,7.847427986958966e-26,4.0010879055400855e-32,2.7037687040743803e-31,0.002404982549031022,0.9999971080252876,0.040431261767445326,-0.0060711545191353845,7.37128717241258e-23
1617900751.1462023,51,odom,camera_link,0.04708367508455132,-0.00832500696070727,3.2518911453665933e-26,1.4437463493281565e-32,9.621141008471584e-32,0.0024200972098767847,0.9999970715604595,0.041332884986225255,-0.0062355818411424825,4.0576191191469066e-23
1617900751.1667054,52,odom,camera_link,0.005672151063062079,0.0025486363902010845,-1.9265984372308411e-25,-6.971030510355353e-33,6.516975790929388e-33,0.00243528401826614,0.9999970346914787,-0.00048500343150953364,-0.0005149727060554075,-2.325367226592401e-22
1617900751.2104554,53,odom,camera_link,0.005659179219520727,0.002534357964869448,-1.8010784808685382e-25,-1.1405664825150983e-32,1.0467031531611502e-32,0.002450543319781834,0.9999969974142112,-0.0008771990753944938,-0.0009573628299985304,-2.4515671840636774e-22
1617900751.2104897,54,odom,camera_link,0.005641295705756129,0.002511606477083217,-3.058750857704746e-25,-2.8956025100475794e-32,2.3683231627928327e-32,0.002465875095910407,0.999996959725384,-0.001132934392825885,-0.001392662842759729,-4.0122024177189382e-22
1617900751.254047,55,odom,camera_link,0.0056127609200775225,0.0024786683942944667,-6.37420430717637e-26,-7.797402071456669e-33,6.445077601424944e-33,0.002481280101629553,0.9999969216197904,-0.0014946620703515747,-0.0017797825905378312,-8.676202542339101e-23
1617900751.254078,56,odom,camera_link,0.005582981878995172,0.002442856065827461,3.330389744043559e-25,5.16323431534962e-32,-4.3532856605732994e-32,0.002496758969918775,0.9999968830924655,-0.0017524036739307227,-0.0020955576195467005,3.947128606442537e-22
1617900751.2980103,57,odom,camera_link,0.005561918167575596,0.002401210982808237,7.905191338262025e-26,1.5434091007036357e-32,-1.0915507976096926e-32,0.0025123117306825493,0.9999968441399042,-0.0016544541338660488,-0.0023970078553348234,8.179665701241903e-23
1617900751.2980335,58,odom,camera_link,0.005533112616262625,0.0023564845888490032,-1.496700246121293e-25,-2.890316755893143e-32,1.8572047030192122e-32,0.0025279387379579994,0.9999968047577638,-0.001714637687214427,-0.0026165134767868383,-1.7845844825547322e-22
1617900751.342082,59,odom,camera_link,0.005491235570546922,0.0023155670012068,2.2840949058706e-25,4.2736958932190267e-32,-3.119200313169233e-32,0.002543640347497363,0.9999967649416585,-0.00198750081236075,-0.002653213396600137,2.914432381253618e-22
1617900751.342107,60,odom,camera_link,0.005463415838257804,0.0022680159588971036,-2.239064947780723e-25,-4.194279082999363e-32,3.041564057233178e-32,0.0025594169167798596,0.9999967246871592,-0.001935047753683331,-0.002764110130939069,-2.9535823373628324e-22
1617900751.3861153,61,odom,camera_link,0.00546185201811407,0.0022146589630764107,-2.517668102998178e-25,-5.08805448950746e-32,2.6298762612069547e-32,0.002575268910778088,0.9999966839895206,-0.0014589605150189837,-0.002920186804533164,-3.2759865322068506e-22
1617900751.3861396,62,odom,camera_link,0.0052460024175071535,0.002004870729454597,-5.413507683279336e-27,-1.033376980988137e-33,8.152356057060504e-34,0.00260489826102877,0.9999966072467694,-0.003824894107770616,-0.004822957695254334,-1.057140041123413e-23
1617900751.4340816,63,odom,camera_link,0.005675823040355567,0.002551935400018453,-2.2993447096212515e-26,-5.394973825740834e-34,4.652977732645348e-34,0.0026312974883104323,0.9999965381307717,-0.00034843199487781957,-0.00040186765384930785,-3.3841181624947207e-23
1617900751.4341197,64,odom,camera_link,0.005667762894470093,0.0025429632080709733,3.4809434065650377e-25,1.7862090501757347e-32,-1.4980051834145284e-32,0.00264182038796843,0.9999965103864301,-0.0006013185341496945,-0.0007200461006190359,4.118897511496576e-22
1617900751.4341345,65,odom,camera_link,0.005655362993001132,0.002527130988671653,-5.850906955081154e-25,-4.377722125316406e-32,3.1998738240312003e-32,0.0026580657016940785,0.9999964673371229,-0.0007799148766019833,-0.0010890118004252426,-7.408457357394347e-22
1617900751.478083,66,odom,camera_link,0.005637599824625349,0.002498394502769556,-6.75381824232532e-26,-7.218949686636074e-33,4.4175666233503954e-33,0.002704455656214373,0.9999963429531148,-0.0009506968793357158,-0.001519126967122522,-8.532966339990982e-23
1617900751.4781253,67,odom,camera_link,0.005615236309303907,0.002472126499862786,1.9892119191630954e-25,2.523882287851778e-32,-1.8023659941463328e-32,0.002720999737128917,0.9999962980733631,-0.0012976172396809969,-0.001760323018264064,2.423287319559831e-22
1617900751.4869592,68,odom,camera_link,0.0022401035443288036,0.0020833490120768703,1.9068845578335354e-25,-1.7326796365269487e-31,1.8306042262406655e-31,0.002737623118504935,0.9999962527028093,0.012946025630918434,0.012165327083865628,2.2308887370412586e-22
1617900751.5092287,69,odom,camera_link,0.0025696248928375725,0.0023794117287845584,-3.5416406422928255e-27,1.895072975044008e-33,-2.123305757088074e-33,0.0027577937488768045,0.999996197279589,0.013128691343307216,0.011675132131291474,-6.721205174316045e-24
1617900751.5500853,70,odom,camera_link,0.0027953677712618716,0.0025902443712347927,-4.033687709715801e-25,3.1975090061372828e-31,-3.5754277217066387e-31,0.0027800985850441515,0.9999961355184616,0.013052336678840907,0.01162687929110962,-5.356908499516022e-22
1617900751.5501266,71,odom,camera_link,-9.524958548845657e-05,-7.358164366192523e-05,3.1614791095651847e-26,2.0503991072966261e-32,-2.075937247674481e-32,0.002799548583494,0.999996081256186,-0.008965157722804784,-0.008825928742911337,3.582576863036814e-23
1617900751.5941286,72,odom,camera_link,-0.00031682934410206273,-0.0002913126096257264,2.459573333538132e-25,1.7641821526762034e-31,-1.7858557075864508e-31,0.0028187056883368132,0.9999960274412306,-0.00993782962721768,-0.009769854089645967,2.8753719420421216e-22
1617900751.594152,73,odom,camera_link,-5.758700353171751e-05,-3.406598487856024e-05,6.826746271556363e-26,1.687423957718898e-33,-1.3621859219710073e-33,0.0028357956436943724,0.9999959791234498,-0.000302682948965259,-0.00037534638903282053,8.390461798165628e-23
1617900751.6380887,74,odom,camera_link,-6.678311454082374e-05,-4.6114687262985595e-05,1.1923117472140515e-25,6.914013131026404e-33,-5.305392237296455e-33,0.002852967213654387,0.9999959302807576,-0.0006425302420427398,-0.0008402199020242495,1.4751383919614355e-22
1617900751.6381187,75,odom,camera_link,-8.176702633982285e-05,-6.718230877227027e-05,4.203542861895225e-27,2.8671669819688413e-34,-2.0718018749485886e-34,0.002870220789559786,0.9999958809078261,-0.0009420492998450965,-0.001295554253207695,6.43811939600748e-24
1617900751.6828086,76,odom,camera_link,-0.00010470595339912009,-9.531055387339702e-05,2.4255072591199686e-26,3.1547939149136735e-33,-2.4406103042128973e-33,0.0028875567646460955,0.9999958309992751,-0.0013103731833007852,-0.0016779777911325041,2.2557316903804693e-23
1617900751.682831,77,odom,camera_link,-0.0012935387233800994,0.00013492931399181583,4.598811597363465e-25,-3.4280854452982946e-33,-3.022352121815554e-31,0.0029074293917669422,0.999995773418234,-0.00950513030085428,0.00010865603610619643,5.954542639903339e-22
1617900751.7260773,78,odom,camera_link,-0.0015011383769778877,0.0001305586292899425,5.693134752734653e-26,1.5973229129610446e-33,-4.29586783172839e-32,0.002924943072186298,0.9999957223448631,-0.009516295634657904,-0.00035543199052244165,6.164588610445997e-23
1617900751.7260988,79,odom,camera_link,-0.0016921707253077505,0.00012795828058874116,-1.0636765991060399e-25,-3.980016127195486e-33,7.22548098408533e-32,0.0029556315378245724,0.9999956321115671,-0.009686611466124952,-0.0004926491887396931,-1.3550859314705293e-22
1617900751.726109,80,odom,camera_link,-0.001857662490895034,0.00012264082222296555,8.460650421372672e-26,3.313556399338313e-33,-5.139004998059927e-32,0.0029733754399420657,0.9999955795094762,-0.009734395306356967,-0.0006152977047503224,1.2376261118163194e-22
1617900751.770069,81,odom,camera_link,0.0019011410666609702,0.00015514761255597554,1.3881413698453084e-25,7.208566356808883e-33,3.3536981680548072e-31,0.0029912040927477248,0.999995526339031,0.03250919260924968,-0.0008134661367343324,1.634089433972648e-22
1617900751.7700965,82,odom,camera_link,0.0026053852532966063,0.00012662005722239458,-3.526352504079067e-26,-3.0743560307635958e-33,-6.410403906450106e-32,0.0030237957974886746,0.9999954283190374,0.03153197697267672,-0.0016253924733921762,-5.544677632512122e-23
1617900751.8003705,83,odom,camera_link,0.0018630941148482108,0.00015268638145916842,-7.198414285386107e-26,-2.8105093705718232e-33,2.4680140804892184e-33,0.003041267599022275,0.9999953753350018,-0.0005184706469268659,-0.0005898624020731798,-9.232457032325292e-23
1617900751.8151374,84,odom,camera_link,-0.00012934748753581717,8.848523986543035e-05,-2.7963363746381926e-25,-3.0052512692841416e-32,3.6900521514083976e-31,0.0030492654077359247,0.9999953509794299,-0.017583062939326592,-0.0014094699020073377,-3.2421246565981434e-22
1617900751.8580346,85,odom,camera_link,-0.0004333104902909416,5.980186941698469e-05,1.3237002628455486e-26,1.761886890106634e-33,-1.7406692053091156e-32,0.003070641820978779,0.9999952855682906,-0.01770347827298399,-0.0017571654869157306,1.5033698533849658e-23
1617900751.8580573,86,odom,camera_link,-0.0007396108637458239,2.526140091071816e-05,8.75292531137765e-26,1.3732231924749016e-32,-1.150447321333261e-31,0.003088935080228735,0.9999952292286549,-0.01782229829868653,-0.0020921986505630452,1.0464430571419408e-22
1617900751.9060755,87,odom,camera_link,0.00027775081152678615,0.0002601356033451125,1.3747789220013307e-25,-2.25882341173055e-33,-4.5914426896041476e-32,0.0031160979016671073,0.9999951449551479,-0.004629526131494711,0.0002357705292718631,1.6504332252974052e-22
1617900751.9060972,88,odom,camera_link,0.0001797958016673104,0.0002663143017002054,5.5201990587662725e-27,7.255074992314054e-36,-2.04719890764587e-33,0.003134608305939804,0.9999950871033159,-0.004676017326413022,-2.4909924457304566e-06,6.777539924775064e-24
1617900751.9061291,89,odom,camera_link,0.00013082570308448744,0.0002644186421045802,3.941425243321465e-25,6.922148945984244e-33,-1.165151136752317e-31,0.0031532071381054783,0.9999950286300149,-0.004016005784409727,-0.0002538574504704601,4.847897307667672e-22
1617900751.9500837,90,odom,camera_link,6.272378150792653e-05,0.00025902168276623527,2.971595769659288e-26,1.1930966962070429e-33,-8.558159955550067e-33,0.003171895565343509,0.9999949695266085,-0.0037270035073734323,-0.0004936445788433614,3.234327980168793e-23
1617900751.9501061,91,odom,camera_link,0.0027658610432452864,0.0016569825833311386,2.3227893555460925e-25,-1.8945329651108584e-31,1.0596698276645827e-31,0.003190672531445825,0.9999949097914435,0.005145943281610935,0.009214921345812598,1.9522989572306702e-22
1617900751.972874,92,odom,camera_link,0.00286379517019522,0.0018637027045028038,4.769282283630397e-25,-2.7797103606473114e-31,1.3392394571597108e-31,0.0032095392040325157,0.9999948494157846,0.003984174866623807,0.008224184822764572,6.073461675878278e-22
1617900751.9915743,93,odom,camera_link,0.002733599356340069,0.0015957172006665543,-4.073323149046865e-26,-1.1177453648004772e-33,8.84937369484947e-34,0.0032459741323945415,0.999994731812089,-0.00037712973826382987,-0.0004757920491026235,-5.7082928068089e-23
1617900752.0341213,94,odom,camera_link,0.0012842093721786257,0.0006960207227822668,4.539197147013644e-25,2.2766970014385427e-31,-3.953640924973269e-31,0.0032651050202985705,0.9999946695303963,-0.012190786075536466,-0.0069712831521849495,5.572744293067622e-22
1617900752.0341432,95,odom,camera_link,0.0010043015027724868,0.0005358955530454107,-2.5675872519012834e-25,-1.3533821693200058e-31,2.34788992890001e-31,0.003284327313281054,0.9999946065825052,-0.012842035235299178,-0.007345216953818975,-3.125801033473785e-22
1617900752.0780396,96,odom,camera_link,0.0007275464583436611,0.0003648164294228609,8.225636459275979e-27,5.0719648240918354e-34,-7.740077474481656e-34,0.003298741204920836,0.9999945591384299,-0.012895407540433888,-0.0078025837164688566,2.2895079016039512e-23
1617900752.0900562,97,odom,camera_link,0.00010866437644192631,-5.2075641629246586e-05,2.6659143735678655e-25,1.2867500982173193e-31,-1.9711118568817915e-31,0.0033937026512738605,0.9999942413745765,-0.01081262897489526,-0.007009218007078168,3.471635204464608e-22
1617900752.134059,98,odom,camera_link,-0.00016742216801967226,-0.00022631382333574804,-1.4717343745831357e-25,-8.088642910614146e-32,1.2480902886325185e-31,0.003419941859742521,0.9999941519817384,-0.011249484301090263,-0.007224311004163391,-1.7108349411381767e-22
1617900752.1340847,99,odom,camera_link,-0.0003298493210091948,-0.0003338683812921467,-7.593064896132201e-26,-4.0830965544310403e-32,6.254084043945933e-32,0.0034269753445936232,0.999994127902753,-0.011276908451057038,-0.007359766229690748,-9.08758789814341e-23
1617900752.1340945,100,odom,camera_link,-0.0005046189627520867,-0.00046594970998920367,-9.250957710678272e-26,-5.287102229717823e-32,7.614090586020204e-32,0.003446971228110579,0.9999940591770295,-0.010927951634030458,-0.007613775955975808,-1.0848465574471405e-22
1617900752.1780283,101,odom,camera_link,-0.0007315936700263592,-0.0006286958996687148,-1.2012587988646408e-25,-6.935287004140142e-32,9.506011053665371e-32,0.0034781876251186463,0.9999939510871275,-0.010653411177245062,-0.007669059546160884,-1.4108451178106986e-22
1617900752.1780505,102,odom,camera_link,0.0006510043237038596,-0.00039511087499277176,-3.3487176941667896e-25,-1.021065220689202e-31,-1.0096320750239795e-31,0.003498428140080538,0.9999938804815501,0.004115575769577428,-0.004251840255239762,-4.069067545047883e-22
1617900752.1931129,103,odom,camera_link,0.0005759132315343594,-0.00033215484534931575,2.628722385549846e-25,1.0814916631107519e-32,-8.534635689333678e-33,0.003531760452191748,0.9999937633146061,-0.00047687955645026877,-0.0006025514825410211,3.2373429813447067e-22
1617900752.2116327,104,odom,camera_link,0.0005621425194584258,-0.000350891346536588,-1.7150251904682383e-26,-1.3417646055727496e-33,1.0056362073472784e-33,0.003549585185201969,0.9999937002026628,-0.000822158556060864,-0.0010991628325382936,-2.0695653337808374e-23
1617900752.254101,105,odom,camera_link,-0.0003431150776385276,-2.9509245589474794e-05,2.50749171603422e-26,-5.293366763943801e-33,-2.231783402381842e-32,0.003570167091154267,0.9999936269331626,-0.011364129426801248,0.0027002998924223706,2.6781611838473286e-23
1617900752.2541301,106,odom,camera_link,-0.000598504947274007,2.3665779402024485e-05,2.1020750505708933e-25,-3.3189391800183026e-32,-1.7550327523204136e-31,0.0035864604244618434,0.9999935686301307,-0.011620019639468413,0.0022251529222213975,2.585240296934295e-22
1617900752.2980962,107,odom,camera_link,0.0014740240751051873,0.0007699116373589173,-2.1598812113237726e-25,1.2393429065537735e-31,-2.233514247344343e-31,0.003595674933002843,0.9999935355399935,0.014509571382548483,0.007964978832200528,-2.637941085949376e-22
1617900752.298116,108,odom,camera_link,0.0017636717664346352,0.0009262838024555253,8.613266786556414e-26,-4.8999320509938526e-32,9.230423352758746e-32,0.00361647686294576,0.9999934605261676,0.014519053954532055,0.007587847227776104,1.0205999549300174e-22
1617900752.342055,109,odom,camera_link,0.002053359894292298,0.001077945595766534,4.880058413523276e-26,-2.2505433533698657e-32,4.4450148415467413e-32,0.003644613986195804,0.9999933583723902,0.014533830303591377,0.007291697840148036,7.062714824441404e-23
1617900752.3420894,110,odom,camera_link,0.0023458431555524995,0.0012312608330439993,1.7331116065830807e-26,-2.3269470160865136e-33,4.731599119214377e-33,0.0036656499387929106,0.9999932814826938,0.01461791712512407,0.007182334734007656,4.439171701568372e-23
1617900752.3862615,111,odom,camera_link,0.00018081931438766345,-0.0009253772569446909,-1.3821637817111035e-26,-2.0829297511150847e-32,1.7857649320861776e-32,0.003686786443614174,0.9999932037797653,-0.015398981785120724,-0.0178683419491145,-1.4829458094093212e-23
1617900752.3862913,112,odom,camera_link,-0.00011419236549051384,-0.0012506548337270823,2.5287720706991667e-26,3.015097976380042e-32,-2.6801630555495337e-32,0.0037080239838641043,0.9999931252554365,-0.016650950680444473,-0.018590907309123408,3.26717699931859e-23
1617900752.4300396,113,odom,camera_link,0.0003770100893550109,-0.0006935489624462186,5.672957230504028e-26,1.9674063154978266e-33,-1.8977953312380104e-33,0.0037333218536065855,0.9999930311296861,-0.000510120513124331,-0.0005279680353063476,7.722557696703556e-23
1617900752.4301014,114,odom,camera_link,0.0008226550724946955,-7.628480831966815e-05,3.1360077592669414e-26,-4.603627977254843e-33,2.767189617969982e-33,0.0037523242322739557,0.9999929600066472,0.001127614758994922,0.0018609129690247829,3.430368215712787e-23
1617900752.4301374,115,odom,camera_link,0.0008415078553249146,-4.614625383914357e-05,7.951285977193761e-27,-1.1877435522047326e-33,6.882595621030257e-34,0.0037738750208391753,0.9999928789083086,0.0008900746781695817,0.0015145337195481975,7.098973291623675e-24
1617900752.474046,116,odom,camera_link,0.0008597951454507156,-1.776517944817441e-05,-5.395766606199573e-26,4.79105304928357e-33,-2.7533821775062167e-33,0.0037849951733348306,0.9999928368801138,0.000686989528385598,0.0011670729898289104,-6.170495314827888e-23
1617900752.4740715,117,odom,camera_link,0.002379740071191442,0.0006398909915885674,2.692689716418413e-25,7.38349925779675e-33,1.7835787424326684e-31,0.003806145186942042,0.9999927566031745,0.009403264370999177,-0.0004513134071369489,3.346466506397409e-22
1617900752.4853878,118,odom,camera_link,0.00251871721635052,0.0006334564019642201,-7.019409324217994e-26,-3.304055327189772e-33,-4.8069479734938613e-32,0.003827953321426738,0.9999926733598447,0.009270329604199063,-0.0006825740298110241,-8.348399573877194e-23
1617900752.5061374,119,odom,camera_link,0.0027229412052081478,0.0006241478169576794,-1.2635548960255213e-25,-6.885731509905538e-33,-7.828988302341603e-32,0.0038560436460577377,0.9999925654360635,0.00905619576278445,-0.0008181317857356027,-1.6806654410550804e-22
1617900752.5500648,120,odom,camera_link,0.0029263511089030803,0.0006048957077437111,-5.265290336237491e-25,-4.071620145854333e-32,-3.6204915948486734e-31,0.0038780903429032664,0.9999924801793723,0.009503081510803889,-0.0011347873675083614,-6.312309355044551e-22
1617900752.5500865,121,odom,camera_link,0.002009779080010259,6.520814008598081e-05,4.6499718682726596e-27,1.606845652245619e-33,-7.669461234547621e-34,0.0039105910749930965,0.9999923536094885,-0.004239617798271419,-0.008720119586312398,9.352052992629627e-24
1617900752.5941086,122,odom,camera_link,0.0019318598036851277,-8.212583861880381e-05,-7.799519232649131e-25,-5.00576333573085e-31,2.5060898447362596e-31,0.0039328985763106205,0.9999922661244878,-0.004436477747608769,-0.008698351532750162,-9.314483966274869e-22
1617900752.5941308,123,odom,camera_link,0.0020664580258273097,0.00018229743291373255,2.1807044632407063e-25,6.104342332269817e-33,-5.6575142163500115e-33,0.003924098451867118,0.9999923006960304,-0.0003993541567197382,-0.0004280625470205749,2.7686973921424334e-22
1617900752.638758,124,odom,camera_link,-0.0022028392015540866,-0.0018415210275396902,-1.8864653514411518e-25,-1.5052890718796209e-31,2.971685145135971e-31,0.003949640416584928,0.9999922001398709,-0.02898040572258757,-0.014545427759210349,-3.095430736553124e-22
1617900752.638781,125,odom,camera_link,-0.002705586034991092,-0.0021003434805472463,2.0584186970633084e-25,2.0970278755268027e-31,-4.07991192311695e-31,0.003972134629535341,0.9999921110421246,-0.02929352425849409,-0.014916611834339804,2.7592535351757986e-22
1617900752.682157,126,odom,camera_link,-0.003361369609220142,-0.0024414087632975575,1.1228270621894818e-25,1.1914262140840398e-31,-2.2894432915760155e-31,0.0040070189526694834,0.999991971867331,-0.029751261192952027,-0.015337992722525073,1.477977809834985e-22
1617900752.6821783,127,odom,camera_link,-0.00023504720746162777,-0.0011330999004420875,-1.4304979056601367e-25,5.045655264200769e-32,-1.7150420650917407e-31,0.004035610539168259,0.999991856890633,0.016900759940404277,0.004877915340409979,-1.808853421163872e-22
1617900752.7260375,128,odom,camera_link,0.00010101382649054792,-0.0010349961897472496,-2.7798898258773206e-25,9.403704481431816e-32,-3.3730570660630096e-31,0.00406649216398957,0.9999917317865584,0.016815361931660833,0.004599823675708601,-3.355268884265946e-22
1617900752.72611,129,odom,camera_link,0.000396936840552699,-0.0009542496314569215,3.028458956355114e-25,-9.570137953181214e-32,3.6322402950947724e-31,0.0041009338903538,0.9999915911352589,0.01686254609886241,0.004340264935949875,3.7690902744663275e-22
1617900752.7720225,130,odom,camera_link,0.0007289714877544769,-0.0008681129305249485,3.524970360211492e-25,-1.0042866561524425e-31,4.072569812313303e-31,0.004144568219093848,0.9999914112402553,0.01673913332143835,0.004030864326181621,4.585804472303927e-22
1617900752.7720432,131,odom,camera_link,0.0013643998756436852,-0.00014297397310358677,2.2280242677560787e-25,-1.3849367578163315e-31,2.7712343914500303e-31,0.004171450586128681,0.999991299462154,0.017584273474706695,0.008706033614697982,2.796294659523184e-22
1617900752.7721014,132,odom,camera_link,0.0016762409647347607,1.0928612856430878e-05,-4.3518154732653515e-25,2.7476491746776476e-31,-5.61564496992754e-31,0.004195005236527214,0.9999912009268209,0.017750123271552013,0.008559020310949373,-5.191953822672061e-22
1617900752.8142858,133,odom,camera_link,0.0008047175269827447,-0.0004197677887634903,-1.2616841601658406e-25,-4.129375117082394e-33,4.440924343623377e-33,0.004218672844343544,0.9999911013601233,-0.0005293738645533073,-0.0004898374266736518,-1.5765921862032792e-22
1617900752.8219566,134,odom,camera_link,0.0007897381934116681,-0.0004341144594316043,1.7895633879563177e-25,1.2038034004442138e-32,-1.267466545594155e-32,0.0042632391013507735,0.9999909123548897,-0.0010107768992603896,-0.0009547720448784273,2.18504749313725e-22
1617900752.8620472,135,odom,camera_link,-0.0003205879043078871,-0.0009059692481851475,-4.044345880349148e-27,-2.2691034267665682e-33,3.577501433222958e-33,0.004300306278999408,0.9999907536402058,-0.01206891616448821,-0.0075936616371541895,-4.9744268137270446e-24
1617900752.9100938,136,odom,camera_link,-0.0006225891584605101,-0.0011030640237629182,1.0717152370849963e-25,5.131050797718266e-32,-7.836103571540416e-32,0.004369177411069114,0.9999904550988228,-0.012554810457392427,-0.008141325694378648,1.6594199180351446e-22
1617900752.9101262,137,odom,camera_link,-0.0009018227597768481,-0.0012882961974264421,-1.1931689381923176e-25,-6.946494519643748e-32,1.0450687037771491e-31,0.004383286899575451,0.9999903933518342,-0.012890160982322605,-0.008501578419074864,-1.6016542438223829e-22
1617900752.9101362,138,odom,camera_link,-0.002600223907996296,-0.001386523412219156,7.837243144165533e-26,4.961249816530437e-32,-1.5623164076155164e-31,0.004387268481563144,0.9999903758913236,-0.025446040797040465,-0.007992455188688621,8.472413805504297e-23
1617900752.9101942,139,odom,camera_link,-0.003098106557060686,-0.0015514266942258472,2.851615075229538e-26,1.9085165144137885e-32,-5.767573627084793e-32,0.004411856288961255,0.9999902677146841,-0.02550527005128884,-0.008331716844246006,3.0409948865651123e-23
1617900752.954078,140,odom,camera_link,-0.0037382375030781123,-0.0017548072970867041,-5.332063196712829e-26,-4.2570989829763213e-32,1.282346799499457e-31,0.004436561194886361,0.9999901584139536,-0.025960805032820212,-0.008441726303489811,-4.070949717716707e-23
1617900752.9541094,141,odom,camera_link,-0.0009260049157816546,-0.000585235622888625,5.035806625319296e-26,-2.8462464060318077e-32,1.04954340761456e-31,0.0044592691469441635,0.99999005740991,0.024019242982827673,0.006398876160972515,4.069755744684788e-23
1617900752.977644,142,odom,camera_link,-0.0002650392767820973,-0.0004084085126982537,-2.692206630424963e-26,1.0064917005705201e-32,-3.8921921823788823e-32,0.004484200992997794,0.999989945920185,0.02428317502944334,0.006144744050337875,-4.068059618368155e-23
1617900753.012736,143,odom,camera_link,0.00017200579399014032,-0.00031446064394968597,-1.32539547997336e-26,7.296267661919809e-33,-3.2387450781222077e-32,0.0045409719466367,0.9999896897337391,0.022948957832731598,0.005018410004546679,-6.017595142381675e-24
1617900753.0542643,144,odom,camera_link,4.350302099012688e-05,-0.00012723318699444657,2.666712380588434e-25,1.1361055526959104e-32,-9.783197525002235e-33,0.004600592410303981,0.9999894172187395,-0.0005471825420334494,-0.0006329437242538075,3.42155717522149e-22
1617900753.05429,145,odom,camera_link,3.0491091077974623e-05,-0.00014438638683342565,4.4609392779276674e-26,4.139051028234114e-33,-3.2417275313866425e-33,0.0046586896980842,0.9999891482462682,-0.0008526778552425423,-0.0010888804892385058,3.922239733231075e-23
1617900753.098037,146,odom,camera_link,1.2757070395040308e-05,-0.00016793680282770572,8.365995011867714e-27,1.12617949716063e-35,-6.111171591224485e-36,0.004664555400072754,0.9999891209022824,-0.0011033527509771586,-0.0014388216408788154,2.4551562208184035e-23
1617900753.0980606,147,odom,camera_link,0.0010753939515637198,-0.0003604971592218497,2.889042441563634e-25,1.5341732429280633e-31,-2.0438912604446997e-32,0.004689384362652248,0.9999890047767022,-0.0010170440298101816,-0.007482401996125491,3.5765319440757195e-22
1617900753.0980902,148,odom,camera_link,0.0010670730454802595,-0.00043562327772716955,1.984864129625925e-25,1.0082523190693479e-31,-1.3175984575170347e-32,0.004727495257908125,0.9999888253318566,-0.0010355344575854557,-0.007684635690478053,2.715007109349901e-22
1617900753.1421747,149,odom,camera_link,0.0010505133207649058,-0.0005679038133580526,9.260944319254725e-25,5.289630612639051e-31,-7.098803394161674e-32,0.0047537112658927695,0.9999887010507671,-0.0011197263693172835,-0.007892259954103498,1.1310819501647867e-21
1617900753.1422005,150,odom,camera_link,0.0010335199741815532,-0.0006807514784883289,-2.8722985961504744e-25,-1.649571033251043e-31,2.52672810977866e-32,0.004780051831064521,0.9999885754869864,-0.0012391799876822743,-0.007960037567971734,-3.5366840039377274e-22
1617900753.148463,151,odom,camera_link,-0.0011883285925658208,-0.0012565099116756027,3.550940355246215e-25,3.1457329192812206e-31,-5.817815978401389e-31,0.004806518551275817,0.999988448622991,-0.022703455526887604,-0.01218537654017658,4.319018575403816e-22
1617900753.1658635,152,odom,camera_link,-0.0016853334410006913,-0.001531423159318804,-1.9299911045006478e-25,-1.767975805562856e-31,3.1912128013022405e-31,0.004833111941223988,0.9999883204462758,-0.022594804188674652,-0.012365992196125952,-2.3033507147439746e-22
1617900753.210078,153,odom,camera_link,-0.002160635285520323,-0.0018011481819993373,-2.6683744247204365e-25,-2.5640995758046353e-31,4.555463846349348e-31,0.004863255170550081,0.9999881743046495,-0.02443605577037629,-0.013612928027781124,-3.398490445630294e-22
1617900753.2101183,154,odom,camera_link,0.00047020853808776484,0.00016654557585710054,-4.231060744075806e-25,-1.363734996517234e-32,1.1744173390337845e-32,0.004890120293409515,0.9999880432902766,-0.00039989940550355966,-0.00046881606533643173,-5.004725227841911e-22
1617900753.254208,155,odom,camera_link,0.0004592734441542556,0.00015254069503583498,1.5714265760020836e-25,9.362658904870618e-33,-7.332114946891139e-33,0.004917113826771191,0.9999879109227344,-0.0007438494086836657,-0.0009374209917347056,2.2122894615286114e-22
1617900753.2542324,156,odom,camera_link,0.00043887794751553273,0.0001286561496860752,-1.7890183195539567e-26,-1.89115912169626e-33,1.572298016459868e-33,0.004944236566708986,0.9999877771876876,-0.0011310990732670805,-0.0013350023331038885,-1.8480167003889427e-23
1617900753.3027384,157,odom,camera_link,-0.00033904994038600606,-0.0002584608227750296,2.13115378845397e-26,6.34504869995009e-33,-9.361584980491709e-33,0.004971489182013772,0.9999876420712973,-0.006869507754721857,-0.004623580584735675,3.05595281217243e-23
1617900753.302761,158,odom,camera_link,-0.0004680803974875672,-0.0003541631227998401,-2.0768366055033735e-26,-4.027781767456992e-33,5.504415049919135e-33,0.004998872205733867,0.9999875055602798,-0.00689016227820914,-0.004975858041730847,-4.103905102839292e-23
1617900753.3461177,159,odom,camera_link,-0.0005758075736629175,-0.00043649023160966915,-1.1490889115580772e-25,-3.853179233102105e-32,5.066152178469271e-32,0.005031564293322223,0.9999873416002636,-0.0067491943231682205,-0.005104002863292107,-1.608613965893369e-22
1617900753.3461401,160,odom,camera_link,-0.0013487565538686068,-0.001386881527410997,3.3034087160918065e-26,2.1537582493963879e-32,-1.2165553383522636e-32,0.005059234479825558,0.9999872019913446,-0.004783513658564593,-0.008457548813003278,3.672597526063936e-23
1617900753.346146,161,odom,camera_link,-0.001436280584041051,-0.0015590962844436135,1.7685882157490463e-25,1.1006462443637506e-31,-5.814760712627176e-32,0.005087037555235001,0.9999870609407462,-0.004695692096616667,-0.008771278579393204,2.214110032463605e-22
1617900753.3913813,162,odom,camera_link,-0.0015231597374119363,-0.0017199406921500414,-8.224095871425685e-26,-5.107056951225564e-32,2.6924165799504896e-32,0.005120095554531997,0.9999868922248494,-0.00461646434521213,-0.008732284611768898,-1.0082575294134061e-22
1617900753.3914068,163,odom,camera_link,-0.0011667124396547404,-0.0010746522778750608,2.4300431304130325e-25,8.920759969657583e-33,-7.60168793937366e-33,0.005143225798688884,0.999986773526722,-0.00047422369547270874,-0.0005524846342623411,2.9677796663774535e-22
1617900753.4383237,164,odom,camera_link,-0.002794915843934556,-0.0013062584509601172,2.3313521234642936e-25,-4.174359939005754e-32,-2.597685736025025e-32,0.005171430992298326,0.9999866280613415,-0.00149368854430712,0.0023381087644483867,2.69509495023342e-22
1617900753.438778,165,odom,camera_link,-0.002828984081703127,-0.0012643370055103842,7.686843359476987e-26,-1.0343403157086719e-32,-1.0458040122708391e-32,0.005199771298282058,0.9999864810978424,-0.0019099566259995547,0.0018583148534814526,9.619172703860043e-23
1617900753.4866917,166,odom,camera_link,-0.002868932079304773,-0.0012318468660914468,-7.006943308821407e-27,2.052763100903526e-33,3.112169273382452e-33,0.0052282472304501035,0.9999863326220501,-0.0022300560338741936,0.0013930734517998793,1.4075282378595393e-23
1617900753.4867177,167,odom,camera_link,-0.001160619383296289,-0.002581003258643306,2.6678038586327288e-25,2.4656136253102057e-31,4.414009345409847e-31,0.005256859510753473,0.9999861826185821,0.02458891377377769,-0.013923599885904706,3.588076976770366e-22
1617900753.486749,168,odom,camera_link,-0.0006686547391160126,-0.0028542862800777524,-1.7391474060040308e-25,-1.762284448778075e-31,-3.061058060337307e-31,0.005290927070936026,0.9999860029474062,0.024416724265759887,-0.014238585287732985,-2.149902661666651e-22
1617900753.5341246,169,odom,camera_link,-0.00017498285733044588,-0.0031377853995851334,1.7107963595182195e-25,1.9083203991250693e-31,3.2225303572454785e-31,0.00531983948988831,0.9999858495537833,0.024419162201003458,-0.014679801715795303,1.9063593045947642e-22
1617900753.5341487,170,odom,camera_link,-0.0009348251270910479,-0.0011574522560181201,-1.2675953573987003e-25,8.752148516657722e-32,-8.606618475168882e-32,0.005348890360896718,0.9999856945836311,0.009434768275740598,0.009465273811043172,-1.5426717052701164e-22
1617900753.5463738,171,odom,camera_link,-0.0007525454158408814,-0.0009670908159408898,-4.0789952179790767e-25,2.93779014658319e-31,-2.915690515548967e-31,0.005378080351319307,0.999985538021293,0.009265884904570483,0.00926476798125609,-4.462198725079609e-22
1617900753.5652869,172,odom,camera_link,-0.000570919965038581,-0.0007806830076477297,9.417233498295561e-27,-5.4550245608743286e-33,5.4490358230111816e-33,0.005407410131773456,0.999985379850959,0.009178122950717245,0.009071252541661615,1.3220577580029861e-23
1617900753.6066723,173,odom,camera_link,-0.0008953737845489364,-0.0011106494442440268,-1.6850039202325219e-25,-6.1554364225383445e-33,6.390812260799839e-33,0.0054368803761579544,0.9999852200566643,-0.0004911662743647387,-0.0004697182655322585,-1.5877295362181355e-22
1617900753.6500604,174,odom,camera_link,-0.002720849455529094,-0.002095962546096818,1.7670681586151492e-26,1.8910348760075294e-32,-3.0354958917038394e-32,0.005466491761897307,0.9999850586222861,-0.01073850155116067,-0.006636396750282068,-1.4278778969927067e-23
1617900753.650096,175,odom,camera_link,-0.002964904842965582,-0.002252262395767798,-1.9215461028050102e-25,-1.029107832527169e-31,1.6053268154340486e-31,0.005487147187765275,0.9999849454945509,-0.011232501985313854,-0.007115414120071111,-2.224006323391938e-22
1617900753.6501107,176,odom,camera_link,-0.0031916234887056387,-0.0023980318949531963,1.3651407548995326e-25,6.667231604877947e-32,-1.0342487278167153e-31,0.00551240789875496,0.9999848065641587,-0.011694636821352647,-0.007447522726073167,1.8941125557787055e-22
1617900753.6946106,177,odom,camera_link,-0.003420877254825466,-0.002550490432440218,6.823877743543289e-26,3.765491570805136e-32,-5.743331939365026e-32,0.005542381025770537,0.9999846408883314,-0.011951766521447698,-0.007768644087514263,8.489509919411299e-23
1617900753.6947026,178,odom,camera_link,-0.0015769074564570378,-0.00033066425734792584,-2.482261297099577e-25,3.7211601846411645e-31,-2.7331476776714332e-31,0.0055730859352630495,0.9999844702359924,0.013627848581144174,0.01831660173486913,-2.5105165549718246e-22
1617900753.705929,179,odom,camera_link,-0.0013144633619432404,3.5558936531998756e-05,-1.1213012036429304e-25,1.241039545329813e-31,-9.050436085448743e-32,0.005603348948328873,0.9999843011170542,0.013298905444277838,0.018085748272699806,-1.696262627843939e-22
1617900753.7254384,180,odom,camera_link,-0.0010646304758799275,0.0004018638036125619,1.8260343851611537e-25,-2.4156513706214274e-31,1.696191939245818e-31,0.0056337576807477426,0.999984130261273,0.012771186823654542,0.0180130332388099,2.1868769802547492e-22
1617900753.7666895,181,odom,camera_link,-0.0033055464260833157,-0.002010587175912682,2.13763129804114e-25,2.4639032193873164e-31,-2.79312233151267e-31,0.005664312080555407,0.9999839576556486,-0.017914918452196373,-0.015648762570354535,2.5331470751673866e-22
1617900753.8100417,182,odom,camera_link,-0.003778648810442898,-0.002451580332525047,-4.439580350696086e-26,-4.795718561114354e-32,5.201160889648111e-32,0.005687385465926906,0.9999838266924931,-0.017658950761612956,-0.016088530950944976,-5.758168622232596e-23
1617900753.8101096,183,odom,camera_link,-0.0032064865666884346,-0.0019215106857643663,3.26535712674073e-25,1.1002278704554291e-32,-9.998857549022e-33,0.005718197364122432,0.9999836509758072,-0.0004673330343955427,-0.000506095669970922,4.0094887746745724e-22
1617900753.8101177,184,odom,camera_link,-0.003220086685461112,-0.0019364340915055717,-3.1550877598344203e-25,-2.1945090316050032e-32,2.0408693558575992e-32,0.005749156277900078,0.9999834734644829,-0.000922096502537742,-0.0009864963040630717,-3.7617298344053307e-22
1617900753.8546877,185,odom,camera_link,-0.0007849218201116618,-0.00031209804957389704,-7.0656966070518525e-25,8.103407157935272e-31,-1.1664487582206652e-30,0.00578026351266699,0.9999832941373191,0.0230444042263471,0.01579420986684725,-8.677026852535331e-22
1617900753.8547733,186,odom,camera_link,-0.00021986369053835566,8.153514836821311e-05,-6.43400327848394e-26,7.482484727655921e-32,-1.095641454046826e-31,0.005811520456562331,0.9999831129724056,0.02268219109430479,0.015283160075847561,-7.37327979168392e-23
1617900753.867611,187,odom,camera_link,0.0002240378281571405,0.0003877194337133516,1.5114124629188704e-25,-1.6787007067719747e-31,2.483812738212428e-31,0.005842926802246627,0.9999829299574986,0.02233851958032791,0.014897969667827561,1.7769119034152674e-22
1617900753.8875847,188,odom,camera_link,-0.0013418215094647887,-0.0007065865366550418,1.3681062971270286e-25,-7.184508775366321e-33,1.551012603620945e-32,0.005874483309774131,0.9999827450740554,0.0017557942668849922,0.0007849657537031296,1.8999970760573405e-22
1617900753.9301996,189,odom,camera_link,-0.0013014835694827866,-0.000691991641654979,-6.884582183248613e-26,2.7625407149089852e-33,-9.382331409294216e-33,0.005906191020981621,0.9999825583017055,0.0017503552747128494,0.00047458935730325386,-6.897438488536466e-23
1617900753.9302218,190,odom,camera_link,-0.0012606889494648625,-0.0006811221071819527,-2.118226783221569e-25,3.515443694481621e-33,-2.650595032254012e-32,0.005938050665490502,0.9999823696217319,0.0017776572261217676,0.00023316397663641328,-2.667778704617122e-22
1617900753.9749978,191,odom,camera_link,0.0015409320478658895,0.0011270430834150742,-2.7324579010190974e-26,2.3653857403631182e-32,-3.768783220877617e-32,0.005970062976538682,0.9999821790152343,0.03161836865894135,0.01958463043233643,-5.35595270233804e-23
1617900753.9759545,192,odom,camera_link,0.002168579359212979,0.0015225424837769872,8.483523703519509e-26,-1.1910615152548876e-31,1.9224143780118886e-31,0.006002228690894842,0.9999819864631273,0.03169275049564153,0.0193425071554386,1.0440997619765664e-22
1617900754.0180833,193,odom,camera_link,0.0025023884854077512,0.001736257355840093,-2.1086744905812458e-25,2.8916944081167844e-31,-4.675889108375481e-31,0.00603454868852697,0.9999817919452962,0.03017305878942609,0.018393667417050424,-2.497555321143449e-22
1617900754.0181084,194,odom,camera_link,-0.0023635841424163007,-0.001211778465824189,5.891561347643893e-25,2.3981505759988768e-32,-1.9863754964543853e-32,0.006067023435253476,0.9999815954439542,-0.0005003460185374625,-0.0006035316137548016,7.381150716395228e-22
1617900754.0620642,195,odom,camera_link,-0.002376578776242953,-0.0012283690900925415,7.739087539130624e-26,5.164380051546741e-33,-4.0802970640397277e-33,0.0060996530740249294,0.9999813969431514,-0.000853777568089774,-0.0010640957145987345,1.1003827698753292e-22
1617900754.0620887,196,odom,camera_link,-0.002400391058522781,-0.0012562133094767927,-3.641359690707073e-26,-4.9382886970913245e-33,4.1370979222957574e-33,0.0061324398389388385,0.9999811964140235,-0.0012838603834813918,-0.0015045643411850434,-2.8391274718800454e-23
1617900754.1069112,197,odom,camera_link,-7.997171294867781e-05,0.0007213497436228883,3.612025589974759e-26,-5.071486764226427e-32,6.483504211502744e-32,0.006169645969480663,0.9999809675531887,0.028597301538839045,0.022062846164231587,5.2604376094328005e-23
1617900754.1069329,198,odom,camera_link,0.00048542835564300836,0.0011641182681694782,6.360720247684215e-26,-1.0637630085441373e-31,1.3786102497569376e-31,0.0062027682059194005,0.999980762648254,0.028519668650390427,0.02170662629343479,7.424884870117214e-23
1617900754.1071734,199,odom,camera_link,0.00104699491708202,0.0016037443349107056,-1.2919056063731527e-25,2.0516492146855954e-31,-2.677798604925727e-31,0.006236048616497283,0.9999805556597852,0.028380876489387058,0.021478076728293275,-1.5236272135239134e-22
1617900754.1500592,200,odom,camera_link,-0.001291526165674508,-0.0006536772177028544,-3.4057118802345635e-26,-1.2126872466615632e-32,5.5144710799355584e-33,0.0062694891394337125,0.9999803465598364,-0.003186820205564241,-0.006901502162387093,-5.939392867365712e-23
1617900754.1500807,201,odom,camera_link,-0.0013501270665619738,-0.0007932371325993833,-1.7789643685772208e-25,-9.031016230565321e-32,3.9738058779959774e-32,0.0063030899606716624,0.9999801353311714,-0.0031686852718770023,-0.007147912994138313,-2.204510101215596e-22
1617900754.1654603,202,odom,camera_link,-0.0014048428598397243,-0.0009331004346701602,-4.0961957108009045e-26,-2.0743591037529503e-32,8.612503533566562e-33,0.006336851854339851,0.9999799219527241,-0.003038855250174502,-0.007256855520712749,-5.2549379578138454e-23
1617900754.1882513,203,odom,camera_link,-0.001275914727454769,-0.0006287243240479025,-1.6689244717836526e-25,-4.298476737481234e-33,4.524747806238567e-33,0.006370775167955345,0.9999797064059647,-0.0004007923972425192,-0.00037656018723459476,-1.9770672756194528e-22
1617900754.230601,204,odom,camera_link,-0.001883898844524406,-0.0012384660304538071,3.4393766925876175e-26,6.681095982730971e-33,-5.913294834744489e-33,0.006404861542007186,0.9999794886639564,-0.0024025445124909155,-0.002680550608824287,4.221126734615313e-23
1617900754.2309563,205,odom,camera_link,-0.0019345177758596525,-0.001296038381183936,3.9671618104874316e-26,6.919492267686345e-33,-6.204560726399725e-33,0.00643911104998736,0.9999792687095498,-0.0027931275204879495,-0.003070556995621337,6.440484186296153e-23
1617900754.2780957,206,odom,camera_link,-0.001999817515346718,-0.001368497817444808,-3.5305218910082183e-26,-9.891011208036317e-33,9.066353020337279e-33,0.006476324846816695,0.999979028388335,-0.003197155165185561,-0.003441144018846452,-3.3366781301261834e-23
1617900754.2781959,207,odom,camera_link,-0.0014039361297575048,-0.000594440771868628,3.5125294935388287e-26,-1.6535909028738238e-32,1.247813184306431e-32,0.0065109172687487,0.9999788037535193,0.0046421544834932115,0.006067898877790427,3.5740609697459673e-23
1617900754.3221135,208,odom,camera_link,-0.001322684428216734,-0.00048819993926703604,8.021925138137748e-26,-3.223385493198805e-32,2.457920605286791e-32,0.006545675553278138,0.9999785768362996,0.004513096061857013,0.005825033374305925,1.0447567306189665e-22
1617900754.3221412,209,odom,camera_link,-0.001209992927149323,-0.00035610750853603466,-5.206804361813898e-25,2.0497443725868968e-31,-1.69103301448219e-31,0.00658060050120038,0.9999783476141089,0.004685161555439088,0.005560798181918531,-6.587785884588611e-22
1617900754.3660202,210,odom,camera_link,-0.0016740652924470926,-0.0009492371030230328,4.1245107848224796e-26,8.380001842612047e-33,-5.590721282550035e-33,0.006615692343612692,0.9999781160679541,-0.00238566124768902,-0.0035212585565763976,6.580233362589347e-23
1617900754.3660877,211,odom,camera_link,-0.0017191374854980514,-0.001009035097460848,1.0389481012318086e-25,2.670488699303678e-32,-1.8986934009489723e-32,0.006650953547924001,0.9999778821638523,-0.0026053461822864764,-0.0035791174360812463,1.2542322268769426e-22
1617900754.3661406,212,odom,camera_link,-0.001769096616244139,-0.001086744556370933,-3.1209620973041614e-26,-1.066705145988792e-32,7.423533874235712e-33,0.006686383334124784,0.9999776458891014,-0.0024822883455507933,-0.0036319822626291586,-1.8299681713100664e-23
1617900754.410042,213,odom,camera_link,-0.001655379423157814,-0.0009221935528820087,-1.0427237422255321e-25,-2.2976818548708977e-33,2.1753899341760868e-33,0.006721982694698257,0.9999774072191092,-0.00043805109495573437,-0.00045732541386993845,-1.857121912054136e-22
1617900754.4149547,214,odom,camera_link,-0.0024117262614038325,-0.0010988294006294514,-5.580695517562303e-26,-6.283002716251692e-33,1.40595174625778e-32,0.006757752536919643,0.9999771661296321,-0.0032000508839794763,-0.001421829202766525,-6.069461597657501e-23
1617900754.458073,215,odom,camera_link,-0.002461248255425891,-0.0011229927311199304,-9.625879813072652e-27,-9.140671144251558e-34,1.8144751292790987e-33,0.006793694512656934,0.9999769225911509,-0.003479618668753234,-0.0017302826767266978,-1.5436160513536802e-23
1617900754.4580946,216,odom,camera_link,-0.0025427044049674383,-0.0011682589601825564,4.185358513434146e-25,6.832046582803744e-32,-1.191817295245031e-31,0.006829807373460078,0.9999766765936301,-0.0038706396608702972,-0.0021986158583776824,4.871920303384435e-22
1617900754.502891,217,odom,camera_link,0.0013112865466265997,0.0005537033224939974,2.2237801162436027e-25,-3.1238157301304254e-31,8.3325516036946e-31,0.006866299972470187,0.9999764266844934,0.05151956488708913,0.018893595567153226,2.62836360264144e-22
1617900754.502914,218,odom,camera_link,0.0023428297254505974,0.0009442245253637283,3.4536980059347787e-25,-4.909534599260294e-31,1.3312240289822536e-30,0.006902762581325023,0.9999761756505731,0.05157088375567617,0.01858662484234004,3.951829694911437e-22
1617900754.5460827,219,odom,camera_link,0.003243687284264205,0.0012814429866392007,2.9107984662724276e-26,-3.4786208091116246e-32,9.569428287926092e-32,0.006939400091908498,0.999975922073309,0.05154136640124386,0.018335429455774162,4.121533937818949e-23
1617900754.5461488,220,odom,camera_link,0.00018918149387030957,-0.00034792690902077914,-1.2155563757038975e-25,1.8149331788149477e-32,-1.5037838368960664e-31,0.006976213349272635,0.9999756659275791,0.016745867664995827,0.0019119493602936446,-1.428128144372687e-22
1617900754.5461993,221,odom,camera_link,0.0005385748721231554,-0.0003060758407199706,8.001026224085803e-27,3.4556218970565855e-34,-2.7209545188236958e-33,0.007018230782247174,0.9999753719150722,0.017040874149701325,0.0017157898890093589,2.2641379980723475e-23
1617900754.5900748,222,odom,camera_link,0.0008938083829150848,-0.00027512147522911374,1.5861097577065398e-25,-1.6178385660919947e-32,1.8831785499547056e-31,0.007055422207148209,0.9999751101989883,0.01735772121349666,0.0013632831221944016,2.0572367674316246e-22
1617900754.5900993,223,odom,camera_link,-0.00013426508497308868,-0.00036229168595147107,-4.1230256888077195e-25,-1.2907050986744217e-32,1.0675116015834426e-32,0.007094358278997473,0.999974834723659,-0.0004277211447557245,-0.0005085628293561141,-5.728376626181358e-22
1617900754.6053786,224,odom,camera_link,-0.00028491350866683676,-0.000600074173641093,3.1997025480776353e-25,-8.340781280559994e-32,2.2008742276409045e-31,0.00713606195317518,0.9999745379857431,0.00932230870421736,0.0034289871118554282,3.736507920616326e-22
1617900754.6260445,225,odom,camera_link,-0.00010029364928963962,-0.0005341916418088851,1.3539756194936107e-27,-2.3281973687396795e-33,6.895945228501664e-33,0.007177135116227635,0.9999742440340769,0.009067094005676516,0.0029057034134020096,-8.258953574140363e-24
1617900754.666038,226,odom,camera_link,7.724972432320233e-05,-0.00047515931211189694,-1.8126982078132662e-25,3.343409121103714e-32,-1.1273721687392575e-31,0.007215088933719257,0.9999739709070824,0.008746526500717432,0.0025242001029540826,-2.2110262534474836e-22
1617900754.6660607,227,odom,camera_link,-0.0007368972473646509,-0.00024757557768064983,5.12691680671785e-26,-1.8770164797432315e-32,5.236040284995685e-33,0.007253224864933395,0.9999736950185534,0.0013330765119539036,0.004678412466972791,5.658797930622291e-23
1617900754.7100961,228,odom,camera_link,-0.0007006743072854093,-0.00015914167248762232,-5.422140604785506e-25,1.7341446486057954e-31,-5.692406059085982e-32,0.007291543790975991,0.9999734163412267,0.001504112119415252,0.004203944074106757,-6.22763522603247e-22
1617900754.7101178,229,odom,camera_link,-0.0006585141721208898,-7.318925347336607e-05,-2.4904122952005667e-26,3.514043254312768e-33,-1.608811973042524e-33,0.00733004659727542,0.9999731348475727,0.0017787647698251634,0.003918442728359452,-5.172058774839404e-23
1617900754.7540467,230,odom,camera_link,-0.0018180577808082716,-0.0001423610154616939,3.3353584561831423e-25,-4.996269628565228e-32,-1.617127411686585e-31,0.007368734173606179,0.9999728505097919,-0.006818990572507824,0.002137938829379425,4.1507509878410327e-22
1617900754.7540703,231,odom,camera_link,-0.0019562688737755894,-0.00010251011387914508,5.633753518207756e-26,-6.845977136366532e-33,-2.5491214119805926e-32,0.007407607414122117,0.9999725632998129,-0.006920760769804457,0.0019142192188929953,7.740297473086682e-23
1617900754.802399,232,odom,camera_link,-0.002082124098516128,-6.739819093906623e-05,-4.415001366519263e-25,5.393304662003934e-32,2.1667716107067043e-31,0.007449723564018061,0.9999722504243904,-0.006564581056527412,0.0016784929162889245,-5.174033597117412e-22
1617900754.8024724,233,odom,camera_link,-0.001814111667568226,-0.00012855909363595306,1.194399130273302e-25,3.515660045425091e-33,-3.843531557439485e-33,0.007499282373799762,0.9999718799865714,-0.0004584872149906489,-0.0004138951487766213,1.307352985090432e-22
1617900754.8460715,234,odom,camera_link,-0.002564093824509438,-0.0005065139216759109,-1.3099869836993279e-25,-1.7286347090823692e-32,2.637480596962181e-32,0.007538782179613283,0.9999715829778606,-0.0026499648931706315,-0.001719083340595532,-1.4168499600610995e-22
1617900754.846098,235,odom,camera_link,-0.00262148208781579,-0.0005458858542272717,1.2458169930822234e-25,2.1249942688821267e-32,-3.0712136056636094e-32,0.007588783805724011,0.9999712047655922,-0.0031422672740392585,-0.002148082420626285,1.3034417307941181e-22
1617900754.8461032,236,odom,camera_link,-0.002684787506418078,-0.0005925646868211203,2.6539572236191275e-28,-5.143613552415641e-34,7.107761719668335e-34,0.007628713222275871,0.9999709009439086,-0.0034859329546793236,-0.0025203362139476658,4.3812235300628735e-24
1617900754.8945405,237,odom,camera_link,0.0041706361257778405,0.0012726912820366996,1.6942016010944096e-25,-6.54840743970552e-31,1.705521852894771e-30,0.007668834314280075,0.9999705940577753,0.14168083217454805,0.05314054513249193,2.0899787369166766e-22
1617900754.8946216,238,odom,camera_link,0.006993637681108242,0.0023814762779051347,-5.429502846810135e-26,2.816605541013081e-31,-7.356065625206655e-31,0.0077091480098294965,0.9999702840769632,0.1413444473877806,0.05287579379054381,-3.4933567978435584e-23
1617900754.9056575,239,odom,camera_link,0.009817731483248065,0.0034844451856633173,-1.9561078660575706e-25,7.892563056716714e-31,-2.0697178508718326e-30,0.007749655241569872,0.9999699709709471,0.14126161464220088,0.0525888687044004,-2.236647282364667e-22
1617900754.9261465,240,odom,camera_link,0.012649318480967542,0.004584343244224719,6.006326392967059e-26,-2.1203088469488414e-31,5.59277007749411e-31,0.007790356946775892,0.9999696547089025,0.14143016398031483,0.052362906897885114,7.956602674335365e-23
1617900754.9707103,241,odom,camera_link,0.001734091776394087,0.0008343252323777626,1.7272511193440938e-25,-1.5652843668390669e-31,2.3695847561839437e-31,0.007822699938908707,0.9999694022147206,0.02032470704649201,0.01323542337702929,2.2679600929013308e-22
1617900754.9707346,242,odom,camera_link,0.0021852040356755108,0.0011421748875170524,8.722441681607648e-26,-8.332062708460446e-32,1.246451793058134e-31,0.007863751885626007,0.9999690802251244,0.020061161395783456,0.013143336146031092,1.0588727082935984e-22
1617900755.014109,243,odom,camera_link,0.0025532321885233054,0.00137447339635995,-5.543434436934477e-25,5.003391216891685e-31,-7.81381543492393e-31,0.00790500140698937,0.9999687549882523,0.019036643067529762,0.01196239628580833,-6.421758025961442e-22
1617900755.01413,244,odom,camera_link,-0.0010442889518014885,-0.0005578873750658407,-1.708777934972688e-25,-6.934443113905253e-33,5.826858563914681e-33,0.0079464489964838,0.9999684264757295,-0.0005095612608577611,-0.0005865338901471683,-2.0829122550000624e-22
1617900755.0580816,245,odom,camera_link,-0.0010546309567755704,-0.0005685957104972754,-1.4271362538898782e-25,-8.819973560009263e-33,8.268691577537878e-33,0.007988095615099347,0.9999680946552465,-0.0008490027030863468,-0.0008766914570169103,-1.7557286298268025e-22
1617900755.0581062,246,odom,camera_link,-0.0010758298478780138,-0.0005933367167728118,-8.718933182614078e-26,-1.0515081999652157e-32,9.820962884019154e-33,0.008029942226029489,0.9999677594941982,-0.0012069103651660901,-0.0013220516843654023,-5.807443398978244e-23
1617900755.1021261,247,odom,camera_link,-0.003134638792972467,-0.0014527199754142137,-1.2482111642357621e-25,-3.4577881874079186e-32,7.441499929584246e-32,0.008071989798641373,0.9999674209596484,-0.014563534499617788,-0.006609062097460322,-2.537331011525523e-22
1617900755.102146,248,odom,camera_link,-0.003424280833640277,-0.0015895555815317551,4.2224993514264666e-26,1.7976169038739635e-32,-3.7587390511727756e-32,0.00811423930672255,0.9999670790183411,-0.014669970173046578,-0.006862108246802069,6.218244995315095e-23
1617900755.146067,249,odom,camera_link,-0.0036836598723791612,-0.0017116193880385615,3.9951506749840464e-26,2.391928412572065e-32,-4.965438927062544e-32,0.008154827324127187,0.9999667488428371,-0.014875450057677715,-0.007017520436744148,3.4448284507644654e-23
1617900755.1461449,250,odom,camera_link,-0.003967354118587299,-0.0018620765681027622,-3.1548984078232915e-25,-1.7285371522701547e-31,3.4118922108115386e-31,0.008197474689136989,0.9999664001398851,-0.014721339095362494,-0.007360691340097791,-3.719179804830587e-22
1617900755.146236,251,odom,camera_link,-0.003830585537722904,-0.0008802567473081719,2.241045658216174e-25,-6.37954595178013e-32,-6.118831745510906e-32,0.008240326896472316,0.9999660479299481,-0.0040237896151366585,0.004321055302409401,2.991692548052742e-22
1617900755.190029,252,odom,camera_link,-0.003915840454848992,-0.0007942128602741364,1.2821815665563132e-25,-3.8416157966439076e-32,-3.781080147687643e-32,0.008283384939069448,0.9999656921784623,-0.004080455062925832,0.004166201906976111,1.5422254721646743e-22
1617900755.1942422,253,odom,camera_link,-0.0041023962172405575,-0.0007388000452082995,3.586748374588134e-26,-8.118659424870945e-33,-1.6562801151098442e-32,0.008326649769837149,0.9999653328508996,-0.0059494542941186945,0.0029272202594442264,4.003296901068374e-23
1617900755.2385974,254,odom,camera_link,-0.0037624173010587787,-0.0012078224796407378,-7.789790046271169e-25,-1.9817455768531009e-32,1.7925701405255527e-32,0.008370122480633135,0.999964969911276,-0.0003478178114097859,-0.0003858608406114362,-9.71581999032049e-22
1617900755.2386265,255,odom,camera_link,-0.0037709074211434014,-0.001218001097788886,-1.819415958241726e-26,-9.311705815259471e-34,7.783195468510384e-34,0.008413804035220018,0.9999646033243661,-0.0006409779809678696,-0.0007563975430787397,-2.4304323193169354e-23
1617900755.2826152,256,odom,camera_link,-0.0037882313878677036,-0.0012367852464791804,2.9369773633970263e-25,2.4895267994355657e-32,-2.2299046549589024e-32,0.008457695445841186,0.9999642330542355,-0.0010566740238226566,-0.0011334297792639446,3.3129735929623313e-22
1617900755.2826548,257,odom,camera_link,-0.0029536257796036157,-0.0009805920072011437,2.3921714379832602e-25,-1.8993006517031473e-32,6.103263307792525e-32,0.008501797729730707,0.9999638590645977,0.003999722198341391,0.0011713501483437325,3.3177179010176847e-22
1617900755.3260658,258,odom,camera_link,-0.0028856981459894973,-0.0009645338832545643,2.906488072846797e-25,-1.9601383334170578e-32,8.294391708495789e-32,0.008546111910698725,0.9999634813187979,0.004099860285143829,0.0008822592666034539,3.589273466666084e-22
1617900755.3261364,259,odom,camera_link,-0.002779741546323525,-0.0009448946660665503,5.790039782015763e-25,-2.011100624928229e-32,1.6461446233968622e-31,0.008590639014886705,0.9999630997798449,0.004035212328935167,0.0004650523819821067,7.404269861615617e-22
1617900755.3261902,260,odom,camera_link,-0.0034151494622365543,-0.0016866563486274688,3.9141276484831775e-25,1.4335082136645674e-31,-7.969978499073241e-32,0.008635380076200263,0.9999627144103622,-0.003018200861971139,-0.0051973443497845394,4.943599738510091e-22
1617900755.370947,261,odom,camera_link,-0.003459727844651201,-0.0017866736177053937,-2.9416936164340016e-25,-1.1461728282648426e-31,6.330749124554421e-32,0.008684739991818301,0.9999622869344996,-0.0028921511635217954,-0.0053094926655166425,-3.477720915077475e-22
1617900755.370969,262,odom,camera_link,-0.003484502581496897,-0.0019128825362872048,-2.1759271579690818e-26,-4.118633540868986e-33,1.6234425796596478e-33,0.008715947266604449,0.9999620154102083,-0.0022916364231118317,-0.005641445920783835,-4.561379946100706e-23
1617900755.3870547,263,odom,camera_link,-0.0036329509109435504,-0.0020319346909180966,6.4276676728385185e-27,-2.3572827881154318e-33,1.5290975805546153e-33,0.008761291011028348,0.9999616191533653,-0.004581613894552681,-0.006841215659019581,2.6212310269384348e-23
1617900755.4069564,264,odom,camera_link,-0.0027831389318535306,-0.001181370290381684,1.3329641583480263e-28,5.200842530402864e-35,-5.145752783029506e-35,0.008806851841499071,0.9999612189283352,-0.0007209048392843728,-0.0007132483984223324,-5.8452995788077e-25
1617900755.450743,265,odom,camera_link,-0.002797949160678383,-0.0011977046273534177,-4.8088493843837664e-26,-3.989710833560673e-33,3.772066405956794e-33,0.00885263196185463,0.9999608146859296,-0.0010750445604538752,-0.0011272700285855932,-5.594220217526396e-23
1617900755.4508312,266,odom,camera_link,-0.0028180259955113457,-0.001223321930770784,1.6629613639824673e-25,1.867617826361628e-32,-1.5780520712969957e-32,0.008898632118197409,0.9999604063893854,-0.0012971175979452278,-0.0015206142183618032,1.9448872761738903e-22
1617900755.494065,267,odom,camera_link,-0.0044775515858562235,-0.0025152418208596494,-1.409056693759577e-26,-9.508747268367158e-33,1.1620037314608963e-32,0.008944853377918331,0.9999599939987837,-0.013339259114198844,-0.010710173690243994,-2.0943952742688472e-23
1617900755.4941316,268,odom,camera_link,-0.004743201475415731,-0.0027344948992684857,-8.231152080191714e-26,-5.838378698313878e-32,7.118563394747469e-32,0.008991296814560172,0.9999595774738059,-0.01368111328299409,-0.011012632393852018,-1.1796834995513337e-22
1617900755.5381002,269,odom,camera_link,-0.004985103286713879,-0.0029592443122707806,-1.6442812758650865e-25,-1.1507679878361304e-31,1.3386981261018018e-31,0.009035877871290418,0.9999591756222327,-0.01329865040085274,-0.011302981677561792,-2.474119506345409e-22
1617900755.5381339,270,odom,camera_link,-0.002448076850816892,-0.0007762820283994141,-9.350088461474813e-26,1.1114687138605644e-31,-1.4306910613219631e-31,0.0090827588757762,0.9999587508948579,0.021824009194556303,0.0166495504712281,-1.1705437910511206e-22
1617900755.5826387,271,odom,camera_link,-0.002134401460456369,-0.0005194488992311929,8.694505838475075e-26,-1.1041108459589953e-31,1.4190710998377012e-31,0.009129865260514203,0.9999583219116309,0.021551855201309644,0.016512159022532384,1.0062583766591437e-22
1617900755.586992,272,odom,camera_link,-0.0016543477562195614,-0.00013100491651755425,-9.408660995528894e-27,9.556187584227669e-33,-1.221461811702739e-32,0.009177198118607873,0.9999578886306622,0.021531278794993246,0.01647386242524474,-1.3862392564116e-23
1617900755.62668,273,odom,camera_link,-0.0013611685654784838,0.00010189839869295642,1.634047017334951e-25,-1.8167858739531475e-31,2.346223211318658e-31,0.00922475829757078,0.9999574510119675,0.019897539503543456,0.015103020640577688,1.9665004065138413e-22
1617900755.626713,274,odom,camera_link,0.0005792813820966852,0.0003819974756621333,-2.458285284472449e-26,-6.595122254398059e-35,5.636354697048217e-35,0.009272547405849858,0.9999570090081904,-0.0004852984968719673,-0.0006066058367847519,-7.111055964186787e-23
1617900755.6267292,275,odom,camera_link,0.0005672484240172318,0.00036863864192384764,1.08862601223189e-25,5.5532302901807313e-33,-4.876523163556883e-33,0.009313415100353929,0.9999566292090715,-0.0008750282514567299,-0.0009585916793497899,1.7978907890364539e-22
1617900755.6706295,276,odom,camera_link,0.0005436080635481176,0.0003429591336521539,3.7624594485193386e-26,3.911832379768593e-33,-3.745896019138489e-33,0.009361630513903556,0.9999561789769196,-0.0013135153614100999,-0.0013771252814938708,4.019552722093456e-23
1617900755.670709,277,odom,camera_link,-0.0008385575465067757,-0.0006563546306904768,-1.0480922499060649e-25,-7.76804580311938e-32,1.169388516058293e-31,0.009410077966784043,0.9999557242361579,-0.02037568676467388,-0.013275201556637212,-1.7143796920950979e-22
1617900755.6867456,278,odom,camera_link,-0.0012392057406882774,-0.0009314114408683553,-1.2788272470064889e-26,-1.2526305103723675e-32,1.848264859304349e-32,0.009458758226408211,0.9999552649457947,-0.02048283407193391,-0.013606519389261378,-1.601264798350987e-23
1617900755.7058413,279,odom,camera_link,-0.0016478371757989462,-0.0012093878806244348,-3.3269273783842227e-25,-3.4054698160960386e-31,5.013087420802509e-31,0.009507672603576498,0.9999548010593595,-0.02077284961679462,-0.013811500595266559,-3.984659150803892e-22
1617900755.750064,280,odom,camera_link,-0.002203619941623521,-0.0008768992328870553,7.202024099882651e-26,3.75810323564898e-32,-1.0408241188022234e-31,0.009556822235790643,0.9999543325316179,-0.02071277174012304,-0.007286118806042091,9.190087718312038e-23
1617900755.7501318,281,odom,camera_link,-0.002606351936597697,-0.0010324523132918886,3.3741308350802705e-27,3.405901320822727e-33,-9.05441727476283e-33,0.0096062082660524,0.9999538593168933,-0.020540027079173087,-0.00755356750428532,3.7415528313577086e-25
1617900755.7940896,282,odom,camera_link,-0.0030169878792736674,-0.0011888876806264513,1.0686368973837158e-25,5.578196393120237e-32,-1.4477051493945045e-31,0.009655831843067312,0.9999533813690609,-0.02064462267807005,-0.007700491042629796,1.4582387112975951e-22
1617900755.794163,283,odom,camera_link,-0.0035055731447618116,-0.0014004060065853456,-1.0077990811700084e-26,-6.79268118820088e-33,1.663044637807924e-32,0.009705694121254452,0.9999528986415434,-0.022387903298087142,-0.008912140659436288,-1.1748578099499358e-23
1617900755.8381152,284,odom,camera_link,-0.0016634076627593001,-0.0007053284305026847,3.0234116232023633e-25,8.43380715687326e-33,-7.219706148448493e-33,0.009766520597107427,0.9999523064003735,-0.0003458502564025555,-0.00040635883055720705,3.5366642420819654e-22
1617900755.838222,285,odom,camera_link,-0.001672896166001349,-0.0007180934154196048,1.9892925868497897e-25,1.1478071563853039e-32,-8.685637883343061e-33,0.009823874139181225,0.9999517445841561,-0.0006610935355297187,-0.0008590981787832511,2.6168108016909177e-22
1617900755.8829727,286,odom,camera_link,-0.0016892026139365588,-0.0007352338244177527,-9.937233895681335e-26,-7.781988204007942e-33,6.695881866365464e-33,0.009874544830211595,0.9999512454936972,-0.0010769980668189636,-0.0011787149111148797,-1.2713511483713055e-22
1617900755.8830402,287,odom,camera_link,-0.003462773030133227,-0.0018372157369082834,2.9698419148202475e-25,2.2673331994236704e-31,-3.5462508272526132e-31,0.009934901172309286,0.9999506476515211,-0.01667286356322094,-0.010451417055658312,3.618728539320225e-22
